date,revenue,tv_S,ooh_S,print_S,facebook_I,search_clicks_P,search_S,competitor_sales_B,facebook_S,events,newsletter,week_of_year,month,sin_week,cos_week,tv_S_transformed,facebook_S_transformed,search_S_transformed,ooh_S_transformed,tv_S_lag1,tv_S_lag2,facebook_S_lag1,facebook_S_lag2,search_S_lag1,search_S_lag2,tv_rolling4,fb_rolling4,tv_sov
2015-12-14,2875220.0,83450.3066666667,0.0,17680.0,10549765.6762647,12268.0703194346,4253.33333333333,8122883,2800.49067685105,na,2800.0,51,12,-0.12053668025532363,0.992708874098054,0.6093761681697129,0.5592467734746006,0.42845663051851196,0.7145391020598418,0.0,28613.4533333333,4256.37537782657,1141.95245035415,3786.66666666667,4133.33333333333,33605.52666666667,3951.487854959092,0.9220607506261643
2015-12-21,2215953.33333333,0.0,277336.0,0.0,2934089.82625045,9467.2480229987,3613.33333333333,7105985,689.582605192027,na,15478.0,52,12,6.432490598706546e-16,1.0,0.5639070518594778,0.5346764201742352,0.4345360809634995,0.8103019583617067,83450.3066666667,0.0,2800.49067685105,4256.37537782657,4253.33333333333,3786.66666666667,28015.94,2222.1002775559496,0.0
2015-12-28,2569921.66666667,33225.3066666667,0.0,31922.3111111111,16634027.0357604,12687.2586368544,3773.33333333333,7097237,5337.0051734019,na,13817.0,53,12,0.12053668025532314,0.992708874098054,0.5883241007166189,0.5807302968079712,0.44037816484073794,0.7948267779674834,0.0,83450.3066666667,689.582605192027,2800.49067685105,3613.33333333333,4253.33333333333,29168.90333333335,3270.8634583178864,0.7848069051641681
2016-01-04,2171506.66666667,687.053333333333,226753.6,0.0,13715898.6058832,12096.504594859,3706.66666666667,6974368,3623.01223287033,na,28817.0,1,1,0.12053668025532305,0.992708874098054,0.5438237390974057,0.590555279582437,0.4428010050355326,0.8254746003276715,33225.3066666667,0.0,5337.0051734019,689.582605192027,3773.33333333333,3613.33333333333,29340.666666666682,3112.5226720788264,0.0029264912938481383
2016-01-11,2464131.66666667,2952.22666666667,0.0,23581.2888888889,18851563.533732,11588.3696648409,4266.66666666667,7452174,4129.8161531585,na,19082.0,2,1,0.23931566428755774,0.970941817426052,0.5057520180323359,0.6026205501836522,0.45189729884206875,0.8109483929011851,687.053333333333,33225.3066666667,3623.01223287033,5337.0051734019,3706.66666666667,3773.33333333333,9216.146666666677,3444.8540411556887,0.26013765443378306
2016-01-18,2012520.0,0.0,0.0,0.0,11910187.8796785,9341.1605005463,3053.33333333333,6703566,3623.01223287033,na,19679.0,3,1,0.3546048870425356,0.9350162426854148,0.458930833772108,0.6065475426450307,0.4405218120577986,0.7955126391926957,2952.22666666667,687.053333333333,4129.8161531585,3623.01223287033,4266.66666666667,3706.66666666667,9216.146666666677,4178.211448075264,0.0
2016-01-25,1738911.66666667,0.0,0.0,11243.9111111111,10620420.1845297,7023.24641526987,3053.33333333333,5535394,3002.69058507969,na,15095.0,4,1,0.4647231720437685,0.8854560256532099,0.412823744458392,0.6037175258506924,0.4332501123802393,0.7791597917464212,0.0,2952.22666666667,3623.01223287033,4129.8161531585,3053.33333333333,4266.66666666667,909.8200000000007,3594.6328009947124,0.0
2016-02-01,1772306.66666667,16511.8266666667,42477.3333333333,0.0,0.0,9341.32576660873,2746.66666666667,5480098,0.0,na,9795.0,5,2,0.5680647467311558,0.8229838658936564,0.44927794852928943,0.568226366198736,0.4237857944572406,0.7777172075324843,0.0,0.0,3002.69058507969,3623.01223287033,3053.33333333333,3053.33333333333,4866.013333333342,2688.87974277713,0.26745939202887103
2016-02-08,1809058.33333333,0.0,0.0,4763.55555555556,11416552.5179333,7107.7773245362,2693.33333333333,5872523,3564.38219778663,na,10876.0,6,2,0.6631226582407952,0.7485107481711011,0.4034175801758456,0.5810828979147307,0.41689498172434386,0.7603699364931449,16511.8266666667,0.0,0.0,3002.69058507969,2746.66666666667,3053.33333333333,4127.956666666675,2547.521253934163,0.0
2016-02-15,1952740.0,66276.44,0.0,2448.4,5063253.0082151,0.0,0.0,5822926,1448.59774023091,na,19401.6538461538,7,2,0.7485107481711011,0.6631226582407953,0.5780954381119761,0.5653517602127673,0.3538627204880972,0.7421177661151985,0.0,16511.8266666667,3564.38219778663,0.0,2693.33333333333,2746.66666666667,20697.066666666677,2003.9176307743076,0.97861060268747
2016-02-22,1507805.0,0.0,0.0,0.0,0.0,0.0,0.0,5027123,0.0,na,19401.6538461538,8,2,0.8229838658936564,0.5680647467311559,0.5317828746083535,0.5291046454879375,0.2955305117782611,0.72298185246972,66276.44,0.0,1448.59774023091,3564.38219778663,0.0,2693.33333333333,20697.066666666677,1253.244984504385,0.0
2016-02-29,1510391.66666667,41556.2933333333,0.0,0.0,10819486.9089563,5355.8900395874,2293.33333333333,4561518,2415.59640398059,na,583.0,9,2,0.8854560256532099,0.4647231720437686,0.5837455959523719,0.5377953847062465,0.33941451549155166,0.7029942646354158,0.0,66276.44,0.0,1448.59774023091,0.0,0.0,26958.183333333327,1857.1440854995326,0.8982188040004853
2016-03-07,1588840.0,0.0,0.0,16506.0888888889,0.0,9625.7947240607,2826.66666666667,4996211,0.0,na,8224.0,10,3,0.9350162426854148,0.35460488704253557,0.537557112182111,0.5012774358244197,0.373397706580696,0.6821984495726272,41556.2933333333,0.0,2415.59640398059,0.0,2293.33333333333,0.0,26958.183333333327,966.048536052875,0.0
2016-03-14,1605990.0,19772.44,43994.1333333333,0.0,0.0,5688.41158754657,2373.33333333333,4938630,0.0,na,5311.0,11,3,0.970941817426052,0.23931566428755804,0.5436655191581962,0.46474585346108027,0.3805016798190996,0.7124783786626558,0.0,41556.2933333333,0.0,2415.59640398059,2826.66666666667,2293.33333333333,15332.183333333323,603.8991009951475,0.2989487133637681
2016-03-21,1356010.0,0.0,0.0,0.0,0.0,7036.81911751627,2293.33333333333,4520383,0.0,na,7428.0,12,3,0.992708874098054,0.120536680255323,0.4968629049300966,0.4285886641529216,0.38282030809951,0.6920557348360913,19772.44,0.0,0.0,0.0,2373.33333333333,2826.66666666667,15332.183333333323,603.8991009951475,0.0
2016-03-28,2103936.66666667,0.0,66088.5333333333,13579.4222222223,26747226.4873481,6090.3817960061,2533.33333333333,4506918,6471.04840519463,na,10025.0,13,3,1.0,-1.6081226496766366e-16,0.45011520243461983,0.5498607951726221,0.3893283053515921,0.7337938427525819,0.0,19772.44,0.0,0.0,2293.33333333333,2373.33333333333,4943.11,1617.7621012986574,0.0
2016-04-04,1120835.0,0.0,0.0,0.0,1146392.7743076,4636.5521979751,1906.66666666667,3738504,20.8373114038425,na,9460.0,14,4,0.992708874098054,-0.12053668025532288,0.40423210117377983,0.5138303610754311,0.37960543225910837,0.7142780681177355,0.0,0.0,6471.04840519463,0.0,2533.33333333333,2293.33333333333,4943.11,1622.971429149618,0.0
2016-04-11,1141140.0,0.0,66413.8666666667,0.0,0.0,4443.2572985456,1866.66666666667,3768926,0.0,na,2964.0,15,4,0.9709418174260521,-0.2393156642875575,0.3599644060604832,0.4772594083116272,0.3725161202272842,0.7448423979520269,0.0,0.0,20.8373114038425,6471.04840519463,1906.66666666667,2533.33333333333,0.0,1622.971429149618,0.0
2016-04-18,1166880.0,11126.7333333333,0.0,0.0,9416454.7015247,5696.9077760121,1786.66666666667,3663385,2348.68785330482,na,11663.0,16,4,0.9350162426854148,-0.35460488704253545,0.39072220428921145,0.5008099909292889,0.36613273502214855,0.7258339707016126,0.0,0.0,0.0,20.8373114038425,1866.66666666667,1906.66666666667,2781.683333333325,2210.143392475823,0.7290439840393943
2016-04-25,888806.666666667,0.0,0.0,0.0,0.0,4104.89140549907,1800.0,2960479,0.0,na,6317.0,17,4,0.8854560256532099,-0.4647231720437685,0.34707209809996087,0.46428076116333467,0.3625205446213555,0.7059684782667761,11126.7333333333,0.0,2348.68785330482,0.0,1786.66666666667,1866.66666666667,2781.683333333325,592.3812911771656,0.0
2016-05-02,898873.333333333,0.0,0.0,12518.5777777778,0.0,3685.01449491983,1266.66666666667,2861890,0.0,na,5408.0,18,5,0.8229838658936565,-0.5680647467311557,0.305850512524186,0.4281308135850818,0.3457566513027821,0.6852876846146931,0.0,11126.7333333333,0.0,2348.68785330482,1800.0,1786.66666666667,2781.683333333325,587.171963326205,0.0
2016-05-09,889373.333333334,0.0,49957.8666666667,0.0,0.0,4422.71423751953,1426.66666666667,2941465,0.0,na,1900.0,19,5,0.7485107481711013,-0.663122658240795,0.26751885057948604,0.3927321329656796,0.3395984897091952,0.7190292432326376,0.0,0.0,0.0,0.0,1266.66666666667,1800.0,2781.683333333325,587.171963326205,0.0
2016-05-16,1915375.0,0.0,0.0,0.0,16918655.5894522,0.0,0.0,3039148,3673.93077397783,na,19401.6538461538,20,5,0.6631226582407952,-0.7485107481711012,0.2323829587306661,0.48548044285198716,0.28258927820875834,0.6988752474706436,0.0,0.0,0.0,0.0,1426.66666666667,1266.66666666667,0.0,918.4826934944575,0.0
2016-05-23,1006845.0,0.0,124442.666666667,0.0,0.0,0.0,0.0,3292482,0.0,na,19401.6538461538,21,5,0.5680647467311558,-0.8229838658936564,0.2005980122136766,0.4490634920836769,0.23179131313411253,0.7657437557445135,0.0,0.0,3673.93077397783,0.0,0.0,1426.66666666667,0.0,918.4826934944575,0.0
2016-05-30,869198.333333334,0.0,0.0,0.0,0.0,4565.78751920413,1346.66666666667,2895248,0.0,na,9003.0,22,5,0.46472317204376906,-0.8854560256532096,0.1721853642863138,0.413184554618234,0.2764705646688957,0.7477651188434623,0.0,0.0,0.0,3673.93077397783,0.0,0.0,0.0,918.4826934944575,0.0
2016-06-06,727250.0,0.0,0.0,0.0,0.0,3110.33205292188,1200.0,2427455,0.0,na,4305.0,23,6,0.35460488704253584,-0.9350162426854147,0.14705676105802254,0.37820437558800146,0.2912487196308158,0.7288951752291888,0.0,0.0,0.0,0.0,1346.66666666667,0.0,0.0,918.4826934944575,0.0
2016-06-13,753730.0,0.0,0.0,0.0,0.0,4813.31436987967,1520.0,2516566,0.0,na,7217.0,24,6,0.23931566428755768,-0.970941817426052,0.1250414690350967,0.3444473302414401,0.3116790938612603,0.709162613893722,0.0,0.0,0.0,0.0,1200.0,1346.66666666667,0.0,0.0,0.0
2016-06-20,999196.666666667,20472.3866666667,123908.266666667,0.0,11151653.5519218,4475.39512233343,1626.66666666667,3012353,2553.15584799705,na,1983.0,25,6,0.12053668025532308,-0.992708874098054,0.34953461848129685,0.4342164984996205,0.3261443232001798,0.7688558852129836,0.0,0.0,0.0,0.0,1520.0,1200.0,5118.096666666675,638.2889619992625,0.13780506928110067
2016-06-27,845843.333333333,0.0,0.0,0.0,0.0,3675.03050439213,1506.66666666667,2826660,0.0,na,3437.0,26,6,-3.216245299353273e-16,-1.0,0.30815859703140247,0.39866541938138805,0.33029461875448973,0.7510384417363066,20472.3866666667,0.0,2553.15584799705,0.0,1626.66666666667,1520.0,5118.096666666675,638.2889619992625,0.0
2016-07-04,1126016.66666667,10121.0133333333,0.0,5168.4,0.0,4333.65846425293,1746.66666666667,3489775,0.0,na,4147.0,27,7,-0.12053668025532283,-0.992708874098054,0.35217423184335545,0.36415164919046744,0.3401027306874579,0.7323257198343799,0.0,20472.3866666667,0.0,2553.15584799705,1506.66666666667,1626.66666666667,7648.35,638.2889619992625,0.8528215568108065
2016-07-11,1140978.33333333,0.0,0.0,0.0,0.0,5852.91406415247,1906.66666666667,3807127,0.0,na,8479.0,28,7,-0.23931566428755743,-0.9709418174260521,0.3106349665132967,0.33098123712183813,0.35017529293332195,0.7127444492021807,10121.0133333333,0.0,0.0,0.0,1746.66666666667,1506.66666666667,7648.35,638.2889619992625,0.0
2016-07-18,1242656.66666667,1900.41333333333,319643.2,4780.66666666667,11243290.9562371,4215.5367592699,1426.66666666667,3824504,3552.81495682237,na,6348.0,29,7,-0.3546048870425356,-0.9350162426854148,0.2901064739449603,0.45934250186125075,0.34237068119802205,0.8173040111723858,0.0,10121.0133333333,0.0,0.0,1906.66666666667,1746.66666666667,3005.3566666666575,888.2037392055925,0.005820149823045823
2016-07-25,1293483.33333333,0.0,0.0,0.0,0.0,6289.94462433427,1946.66666666667,4307032,0.0,na,13762.0,30,7,-0.46472317204376806,-0.8854560256532101,0.2530287298059231,0.42327326060548265,0.3525392706330319,0.8022606498798138,1900.41333333333,0.0,3552.81495682237,0.0,1426.66666666667,1906.66666666667,3005.3566666666575,888.2037392055925,0.0
2016-08-01,1484843.33333333,28180.2533333333,164217.066666667,0.0,17868520.4627035,6851.71836762067,2280.0,4396674,5102.03141577443,na,11841.0,31,8,-0.5680647467311556,-0.8229838658936566,0.42667583808943227,0.5262060150554285,0.366773591239067,0.8201896652631625,0.0,1900.41333333333,0.0,3552.81495682237,1946.66666666667,1426.66666666667,7520.166666666658,2163.7115931492,0.14105688667836985
2016-08-08,1485698.33333333,0.0,0.0,807.777777777777,0.0,7304.35211159833,2533.33333333333,4941143,0.0,na,17162.0,32,8,-0.663122658240795,-0.7485107481711013,0.3815242858554099,0.4896413521473022,0.3804219432361265,0.8053273160183354,28180.2533333333,0.0,5102.03141577443,0.0,2280.0,1946.66666666667,7520.166666666658,2163.7115931492,0.0
2016-08-15,1556608.33333333,28630.68,0.0,0.0,5124647.2077109,0.0,0.0,4762083,1011.87769166753,na,19401.6538461538,33,8,-0.7485107481711011,-0.6631226582407952,0.47722134415580514,0.4799292844928146,0.31987905576471054,0.7895517126318011,0.0,28180.2533333333,0.0,5102.03141577443,2533.33333333333,2280.0,14202.733333333326,1528.4772768604898,0.9658640221875006
2016-08-22,1391206.66666667,0.0,0.0,13979.7333333333,3888055.5115468,0.0,0.0,4409483,641.83938513355,na,19401.6538461538,34,8,-0.8229838658936564,-0.5680647467311559,0.4307395531942359,0.4621994246940844,0.26485258477304424,0.7728582802365083,28630.68,0.0,1011.87769166753,0.0,0.0,2533.33333333333,14202.733333333326,1688.9371231438774,0.0
2016-08-29,2018783.33333333,23991.16,159645.866666667,0.0,0.0,9151.1797858402,3080.0,6065021,0.0,na,2453.0,35,8,-0.8854560256532096,-0.4647231720437691,0.48657073941211104,0.42608264269445656,0.3507407717670004,0.8042504905659411,0.0,28630.68,641.83938513355,1011.87769166753,0.0,0.0,13155.46,413.42926920027,0.12848940682217286
2016-09-05,2170721.66666667,21261.84,87810.1333333333,3081.37777777777,1293290.1215575,7270.37566183133,3173.33333333333,6512777,62.7969109801743,na,3186.0,36,9,-0.9350162426854147,-0.3546048870425359,0.5121321095469047,0.39346498714423545,0.38645646760078445,0.8084588659580161,23991.16,0.0,0.0,641.83938513355,3080.0,0.0,18470.92,429.1284969453136,0.18931706014695499
2016-09-12,2247670.0,0.0,160115.733333333,0.0,0.0,10132.1663115445,3333.33333333333,7311071,0.0,na,11247.0,37,9,-0.970941817426052,-0.23931566428755774,0.46527630262570646,0.3591325533047813,0.4070666967663341,0.8231954159483348,21261.84,23991.16,62.7969109801743,0.0,3173.33333333333,3080.0,11313.25,176.15907402843106,0.0
2016-09-19,2192026.66666667,0.0,32694.4,25536.6222222223,18188032.7873266,10565.8935356575,3400.0,6652807,4537.61809931117,na,15280.0,38,9,-0.992708874098054,-0.12053668025532357,0.4190254172672808,0.49283599228827063,0.41917388127806066,0.8144197575506446,0.0,21261.84,0.0,62.7969109801743,3333.33333333333,3173.33333333333,11313.25,1150.1037525728361,0.0
2016-09-26,1895213.33333333,0.0,162375.466666667,0.0,0.0,7473.37271653427,2973.33333333333,6168548,0.0,na,2886.0,39,9,-1.0,-1.8369701987210297e-16,0.3741551079384341,0.45635666932431246,0.41885887768391616,0.8271356038052262,0.0,0.0,4537.61809931117,0.0,3400.0,3333.33333333333,5315.46,1150.1037525728361,0.0
2016-10-03,2232910.0,144536.64,121869.866666667,9813.15555555556,14226512.314223,9646.7091261875,3373.33333333333,6395275,3147.16769281009,na,14067.0,40,10,-0.992708874098054,0.1205366802553232,0.6731314378882972,0.5046624992173402,0.4253088065941399,0.8306053113028896,0.0,0.0,0.0,4537.61809931117,2973.33333333333,3400.0,36134.16,1921.196448030315,0.5295798360955207
2016-10-10,2406035.0,0.0,0.0,10723.7777777778,15350219.0573247,12546.8289279689,3986.66666666667,7711902,3614.16669566233,na,24098.0,41,10,-0.9709418174260521,0.23931566428755738,0.6305846480366274,0.540675926912324,0.43835837900572944,0.8164111704679524,144536.64,0.0,3147.16769281009,0.0,3373.33333333333,2973.33333333333,36134.16,2824.7381219458975,0.0
2016-10-17,2252445.0,81389.3466666667,29795.7333333333,0.0,20472630.806976,12235.0207003765,3720.0,6734048,5324.417293529,na,26550.0,42,10,-0.9350162426854148,0.35460488704253557,0.6831954997825302,0.5838770342397526,0.44181246675525165,0.8074522241619316,0.0,144536.64,3614.16669566233,3147.16769281009,3986.66666666667,3373.33333333333,56481.49666666667,3021.437920500355,0.6769499041317756
2016-10-24,2663125.0,0.0,158912.533333333,9360.97777777777,21314180.0870472,10533.1317810342,4080.0,8356638,5865.92293671003,na,17728.0,43,10,-0.8854560256532101,0.464723172043768,0.6412605508819059,0.6142059503034598,0.4488276129503548,0.8224199733705929,81389.3466666667,0.0,5324.417293529,3614.16669566233,3720.0,3986.66666666667,56481.49666666667,4487.918654677862,0.0
2016-10-31,2974771.66666667,93994.7866666667,0.0,0.0,23921863.9786815,11553.3079938187,4893.33333333333,8937615,6407.42857989107,na,13989.0,44,10,-0.822983865893657,0.5680647467311548,0.698274444228409,0.6372233957597614,0.4631901262770763,0.8076987497426733,0.0,81389.3466666667,5865.92293671003,5324.417293529,4080.0,3720.0,43846.03333333335,5302.983876448107,0.8926757867199766
2016-11-07,2826128.33333333,0.0,142602.133333333,11543.8222222222,21344437.122308,14074.6642317623,4160.0,8832206,6954.9446522006,na,29426.0,45,11,-0.7485107481711011,0.6631226582407952,0.6573343643893282,0.6556438863765423,0.46233685000566455,0.8201422392773942,93994.7866666667,0.0,6407.42857989107,5865.92293671003,4893.33333333333,4080.0,43846.03333333335,6138.178365582675,0.0
2016-11-14,3182900.0,52324.3866666667,0.0,0.0,17399857.3868399,0.0,0.0,9584624,5332.015383182,na,19401.6538461538,46,11,-0.6631226582407955,0.7485107481711007,0.6733529125942895,0.6588412320747002,0.39711309773437026,0.8052769006672845,0.0,93994.7866666667,6954.9446522006,6407.42857989107,4160.0,4893.33333333333,36579.79333333335,6140.077887995924,0.9075208442841622
2016-11-21,2964696.66666667,6957.05333333333,145018.133333333,7293.06666666667,26828516.6308749,0.0,0.0,9029457,6682.09385063127,na,19401.6538461538,47,11,-0.5680647467311559,0.8229838658936564,0.6393455041157537,0.6687543169004179,0.3353516349744881,0.8190117509418532,52324.3866666667,0.0,5332.015383182,6954.9446522006,0.0,4160.0,38319.056666666685,6344.120616476234,0.04384956877270308
2016-11-28,2848525.0,0.0,0.0,4142.93333333333,17912251.1658841,24651.9854412569,9533.33333333333,9334174,4731.87970491727,na,27941.0,48,11,-0.4647231720437684,0.88545602565321,0.5950466381518887,0.6655422880442143,0.4777844989055394,0.8040752977768841,6957.05333333333,52324.3866666667,6682.09385063127,5332.015383182,0.0,0.0,14820.360000000008,5925.233397732785,0.0
2016-12-05,2740160.0,14254.4,239080.533333333,0.0,7156642.01074513,21707.9959767754,8400.0,8234498,1656.46786461852,na,51273.0,49,12,-0.35460488704253595,0.9350162426854147,0.5778393298570571,0.64398667974861,0.5127844628247517,0.831279131716977,0.0,6957.05333333333,4731.87970491727,6682.09385063127,9533.33333333333,0.0,18383.960000000006,4600.614200837264,0.05411869914951046
2016-12-12,2380508.33333333,0.0,0.0,0.0,9824311.5340606,17589.6202046075,7346.66666666667,7904539,3030.36123993544,na,19606.0,50,12,-0.2393156642875578,0.970941817426052,0.5315214356312908,0.6344759302133959,0.5219167562989031,0.8171290215930537,14254.4,0.0,1656.46786461852,4731.87970491727,8400.0,9533.33333333333,5302.863333333333,4025.2006650256253,0.0
2016-12-19,2230915.0,0.0,334920.0,0.0,4707374.89663063,15895.5947568563,6893.33333333333,7127441,1011.87769166753,na,4453.0,51,12,-0.12053668025532363,0.992708874098054,0.48465394230975617,0.6094847390318378,0.5236312695121677,0.8468399408182989,0.0,14254.4,3030.36123993544,1656.46786461852,7346.66666666667,8400.0,3563.6,2607.64662528469,0.0
2016-12-26,3659425.0,107721.013333333,0.0,0.0,22845683.1663427,25949.8619985573,7733.33333333333,7730351,7226.54800621497,na,559.0,52,12,6.432490598706546e-16,1.0,0.6560309769779041,0.6401255269287118,0.5308852439142278,0.8337338449640677,0.0,0.0,1011.87769166753,3030.36123993544,6893.33333333333,7346.66666666667,30493.85333333325,3231.3137006091147,0.8780585894858487
2017-01-02,2827008.33333333,41054.3466666667,453696.0,27998.1333333333,19390380.0700646,19393.2805096731,7373.33333333333,7498330,4281.21092460283,na,46507.0,1,1,0.12053668025532305,0.992708874098054,0.6617256023152764,0.6403178716051793,0.5324701516992772,0.8622186831457538,107721.013333333,0.0,7226.54800621497,1011.87769166753,7733.33333333333,6893.33333333333,37193.839999999924,3887.499465605192,0.08107020173464138
2017-01-09,2042143.33333333,0.0,0.0,0.0,19557226.0099221,21071.32173758,7080.0,6815506,5472.97695689383,na,21771.0,2,1,0.23931566428755774,0.970941817426052,0.6185355205228573,0.6484704326963919,0.5313049698471879,0.8501957715282754,41054.3466666667,107721.013333333,4281.21092460283,7226.54800621497,7373.33333333333,7733.33333333333,37193.839999999924,4498.1533948447905,0.0
2017-01-16,2113358.33333333,5913.29333333333,0.0,1535.64444444444,18679824.8726728,20637.544698338,6706.66666666667,6701008,5987.71917980457,na,35351.0,3,1,0.3546048870425356,0.9350162426854148,0.5841692798054873,0.6574926358764941,0.5278624883601851,0.8373216742022574,0.0,41054.3466666667,5472.97695689383,4281.21092460283,7080.0,7373.33333333333,38672.16333333326,5742.11376687905,0.3177877948234874
2017-01-23,2179918.33333333,0.0,0.0,10780.9777777778,28919354.1479856,20461.4578462089,7000.0,6998027,6502.4614027153,na,13998.0,4,1,0.4647231720437685,0.8854560256532099,0.5379906002516152,0.6668298248390554,0.5279584276462846,0.8235707779508588,5913.29333333333,0.0,5987.71917980457,5472.97695689383,6706.66666666667,7080.0,11741.910000000007,5561.092116004133,0.0
2017-01-30,2370613.33333333,40244.96,0.0,0.0,20018223.3112693,22707.7042912288,7226.66666666667,7097324,4280.64390298693,na,27415.0,5,1,0.5680647467311558,0.8229838658936564,0.5848688898421209,0.6614496285024116,0.5296856169655512,0.8089227900390923,0.0,5913.29333333333,6502.4614027153,5987.71917980457,7000.0,6706.66666666667,11539.563333333332,5560.950360600158,0.7776462666663748
2017-02-06,1814556.66666667,0.0,0.0,0.0,0.0,14867.5892962259,5586.66666666667,6048680,0.0,na,4085.0,6,2,0.6631226582407952,0.7485107481711011,0.5387065524208062,0.6279425070491431,0.5181956056136134,0.7933637911624115,40244.96,0.0,4280.64390298693,6502.4614027153,7226.66666666667,7000.0,11539.563333333332,4192.706121376699,0.0
2017-02-13,1951668.33333333,0.0,127723.733333333,0.0,29401726.1744863,0.0,0.0,6290401,8260.4552206404,na,19401.6538461538,7,2,0.7485107481711011,0.6631226582407953,0.4918706938786234,0.6577195171231466,0.4517121178935307,0.8087949888770118,0.0,40244.96,0.0,4280.64390298693,5586.66666666667,7226.66666666667,10061.24,4760.890131585658,0.0
2017-02-20,1918238.33333333,0.0,0.0,10691.0222222222,0.0,0.0,0.0,6137639,0.0,na,19401.6538461538,8,2,0.8229838658936564,0.5680647467311559,0.44517709902962993,0.6240530467844123,0.3869086326526203,0.7932282434931817,0.0,0.0,8260.4552206404,0.0,0.0,5586.66666666667,10061.24,3135.274780906833,0.0
2017-02-27,1472390.0,0.0,0.0,0.0,47563966.0789477,12513.0683056195,4506.66666666667,4802056,13900.6192339616,na,26556.0,9,2,0.8854560256532099,0.4647231720437686,0.39943172461806314,0.6851472618913561,0.42742310234459047,0.7767439819389175,0.0,0.0,0.0,8260.4552206404,0.0,0.0,0.0,5540.2686136505,0.0
2017-03-06,1477865.0,0.0,0.0,14027.7777777777,0.0,15487.6644036965,4666.66666666667,4688746,0.0,na,12272.0,10,3,0.9350162426854148,0.35460488704253557,0.3553761457265904,0.6527542645839017,0.44908616141922064,0.7593442614266039,0.0,0.0,13900.6192339616,0.0,4506.66666666667,0.0,0.0,5540.2686136505,0.0
2017-03-13,1300166.66666667,10360.88,0.0,0.0,0.0,13732.6730681545,4213.33333333333,4119318,0.0,na,25992.0,11,3,0.970941817426052,0.23931566428755804,0.38347901532944484,0.6188824080441852,0.4547447877271153,0.741040573937074,0.0,0.0,0.0,13900.6192339616,4666.66666666667,4506.66666666667,2590.22,3475.1548084904,0.7109049224840466
2017-03-20,1160205.0,0.0,0.0,19853.8222222223,0.0,9934.77283917213,3773.33333333333,3618373,0.0,na,22696.0,12,3,0.992708874098054,0.120536680255323,0.34018629030874364,0.5838131322018119,0.4522922276054732,0.7218546867259586,10360.88,0.0,0.0,0.0,4213.33333333333,4666.66666666667,2590.22,3475.1548084904,0.0
2017-03-27,1356871.66666667,0.0,24476.2666666667,0.0,10382426.8065952,15300.7433088264,4800.0,4476843,2615.86843871519,na,26404.0,13,3,1.0,-1.6081226496766366e-16,0.2994075062845457,0.5817856971069512,0.46392689419620603,0.7228692574566048,0.0,10360.88,0.0,0.0,3773.33333333333,4213.33333333333,2590.22,653.9671096787976,0.0
2017-04-03,1355833.33333333,0.0,0.0,0.0,0.0,10658.6001230986,4560.0,4523389,0.0,na,1245.0,14,4,0.992708874098054,-0.12053668025532288,0.26157904456016534,0.5458080497493013,0.4676022522272429,0.7028768843188199,0.0,0.0,2615.86843871519,0.0,4800.0,3773.33333333333,2590.22,653.9671096787976,0.0
2017-04-10,1176266.66666667,0.0,500361.6,0.0,0.0,8488.54955499217,3666.66666666667,3711150,0.0,na,1126.0,15,4,0.9709418174260521,-0.2393156642875575,0.22698153805359592,0.5093455928959526,0.4589099284777144,0.8392735054752621,0.0,0.0,0.0,2615.86843871519,4560.0,4800.0,0.0,653.9671096787976,0.0
2017-04-17,1955281.66666667,7469.05333333333,0.0,0.0,0.0,9083.8344655543,3546.66666666667,3057885,0.0,na,11966.0,16,4,0.9350162426854148,-0.35460488704253545,0.283454702670169,0.4727834288660139,0.45185248778136783,0.8256532408540436,0.0,0.0,0.0,0.0,3666.66666666667,4560.0,1867.2633333333324,653.9671096787976,0.6780358735818133
2017-04-24,1029928.33333333,0.0,296154.666666667,0.0,0.0,8713.82047149043,3266.66666666667,3309344,0.0,na,17897.0,17,4,0.8854560256532099,-0.4647231720437685,0.2469313869081651,0.4365108805141552,0.443549080126125,0.847447031342885,7469.05333333333,0.0,0.0,0.0,3546.66666666667,3666.66666666667,1867.2633333333324,0.0,0.0
2017-05-01,2263143.33333333,36622.92,0.0,0.0,0.0,7393.34608460777,2600.0,2826863,0.0,na,6052.0,18,5,0.8229838658936565,-0.5680647467311557,0.4596591245374677,0.40090505874877447,0.4281544769611399,0.8343827251667116,0.0,7469.05333333333,0.0,0.0,3266.66666666667,3546.66666666667,11022.993333333332,0.0,0.9337122274425023
2017-05-08,813771.666666667,0.0,306346.133333333,0.0,0.0,6175.20525562577,2680.0,2604828,0.0,na,9055.0,19,5,0.7485107481711013,-0.663122658240795,0.4135347887721703,0.3663155095603476,0.4194268546283701,0.852724546594578,36622.92,0.0,0.0,0.0,2600.0,3266.66666666667,11022.993333333332,0.0,0.0
2017-05-15,880871.666666667,0.0,0.0,0.0,0.0,0.0,0.0,2940496,0.0,na,19401.6538461538,20,5,0.6631226582407952,-0.7485107481711012,0.3688791215874055,0.33305123415153964,0.35624566138634045,0.8400268795729133,0.0,36622.92,0.0,0.0,2680.0,2600.0,9155.73,0.0,0.0
2017-05-22,919185.0,0.0,41006.4,0.0,15447367.0115415,0.0,0.0,3024982,3978.53478603737,na,19401.6538461538,21,5,0.5680647467311558,-0.8229838658936564,0.3263621272741485,0.47136624446081843,0.2977016240397368,0.831661450325046,0.0,0.0,0.0,0.0,0.0,2680.0,9155.73,994.6336965093425,0.0
2017-05-29,826321.666666667,0.0,0.0,7174.71111111111,0.0,6193.3643033728,2173.33333333333,2681061,0.0,na,5778.0,22,5,0.46472317204376906,-0.8854560256532096,0.28652087208335003,0.43511269074875797,0.33672164177579283,0.8175363661637282,0.0,0.0,3978.53478603737,0.0,0.0,0.0,0.0,994.6336965093425,0.0
2017-06-05,833798.333333333,9125.46666666667,42486.9333333333,0.0,12831813.9734491,6252.9041434871,2680.0,2609725,3092.05319174496,na,1988.0,23,6,0.35460488704253584,-0.9350162426854147,0.3321252261401622,0.49206607994788687,0.3686096123980531,0.8108885851305646,0.0,0.0,0.0,3978.53478603737,2173.33333333333,0.0,2281.3666666666677,1767.6469944455825,0.15902332703554037
2017-06-12,746271.666666667,0.0,0.0,0.0,0.0,7354.08765490477,2226.66666666667,2487079,0.0,na,4794.0,24,6,0.23931566428755768,-0.970941817426052,0.29188527223481214,0.4555925518926449,0.37441418159918693,0.7954491799387837,9125.46666666667,0.0,3092.05319174496,0.0,2680.0,2173.33333333333,2281.3666666666677,1767.6469944455825,0.0
2017-06-19,1036406.66666667,36259.68,0.0,0.0,1096202.75660569,8925.86752558127,3173.33333333333,3149223,31.2705091363358,na,5180.0,25,6,0.12053668025532308,-0.992708874098054,0.47061060634542917,0.42071931129444656,0.3978787903206849,0.7790926668979669,0.0,9125.46666666667,0.0,3092.05319174496,2226.66666666667,2680.0,11346.286666666667,780.8309252203239,0.9187973648460857
2017-06-26,927931.666666667,0.0,158632.0,4659.42222222223,0.0,6929.78193955497,2666.66666666667,2963072,0.0,na,1048.0,26,6,-3.216245299353273e-16,-1.0,0.42425017016370226,0.38552031634679795,0.40070722095707667,0.8070132252721778,36259.68,0.0,31.2705091363358,0.0,3173.33333333333,2226.66666666667,11346.286666666669,780.8309252203239,0.0
2017-07-03,1126943.33333333,4560.76,0.0,9573.06666666667,25039209.3945516,12648.1549625052,3786.66666666667,3485135,6650.1138314947,na,10977.0,27,7,-0.12053668025532283,-0.992708874098054,0.4039097766991941,0.539744226428713,0.42229369965073643,0.791338843703843,0.0,36259.68,0.0,31.2705091363358,2666.66666666667,3173.33333333333,10205.110000000002,1670.346085157759,0.3041005290540022
2017-07-10,1184220.0,0.0,0.0,0.0,0.0,11853.19284099,3720.0,3950566,0.0,na,6813.0,28,7,-0.23931566428755743,-0.9709418174260521,0.3596560706944253,0.5032380256895133,0.4327004265546491,0.7747467289155174,4560.76,0.0,6650.1138314947,0.0,3786.66666666667,2666.66666666667,10205.11,1670.346085157759,0.0
2017-07-17,1315508.33333333,9863.8,108181.333333333,24957.5111111111,0.0,11018.8391341867,3853.33333333333,3800790,0.0,na,2361.0,29,7,-0.3546048870425356,-0.9350162426854148,0.3835065445817619,0.4666972682175317,0.44049627323212653,0.79351822575753,0.0,4560.76,0.0,6650.1138314947,3720.0,3786.66666666667,3606.1400000000017,1662.528457873675,0.08091816303951277
2017-07-24,1279360.0,0.0,0.0,0.0,0.0,11562.270481512,3866.66666666667,4264348,0.0,na,15114.0,30,7,-0.46472317204376806,-0.8854560256532101,0.3402124266794374,0.43051036930181885,0.44512923842865393,0.7770505845008581,9863.8,0.0,0.0,0.0,3853.33333333333,3720.0,3606.1400000000017,1662.528457873675,0.0
2017-07-31,1455811.66666667,11384.92,205440.0,1452.44444444444,0.0,12679.5185106457,4533.33333333333,4429446,0.0,na,10044.0,31,7,-0.5680647467311556,-0.8229838658936566,0.3796599698641339,0.395050855987494,0.4566720684921883,0.814644406032014,0.0,9863.8,0.0,0.0,3866.66666666667,3853.33333333333,5312.180000000002,0.0,0.05143210080744501
2017-08-07,1553355.0,0.0,104866.133333333,9467.24444444444,0.0,17892.0630017334,5360.0,4916984,0.0,na,8930.0,32,8,-0.663122658240795,-0.7485107481711013,0.33656302699696455,0.3606623276618258,0.472870673066637,0.8190407765028013,11384.92,0.0,0.0,0.0,4533.33333333333,3866.66666666667,5312.180000000002,0.0,0.0
2017-08-14,1374855.0,34047.0533333333,0.0,0.0,0.0,0.0,0.0,4198833,0.0,na,19401.6538461538,33,8,-0.7485107481711011,-0.6631226582407952,0.47752339864940196,0.32764597634279746,0.40728657239899874,0.8041061457970412,0.0,11384.92,0.0,0.0,5360.0,4533.33333333333,11357.993333333328,0.0,0.9999999999999707
2017-08-21,1970110.0,0.0,0.0,11348.1777777778,6440827.7377115,0.0,0.0,6276021,1342.67810238147,na,19401.6538461538,34,8,-0.8229838658936564,-0.5680647467311559,0.43103644471725755,0.37840875754226805,0.3448479014949011,0.7882576021020716,34047.0533333333,0.0,0.0,0.0,0.0,5360.0,11357.993333333328,335.6695255953675,0.0
2017-08-28,2336431.66666667,117889.12,0.0,0.0,4742349.4953119,23445.0249066227,7000.0,7010039,898.926985780967,na,33712.0,35,8,-0.8854560256532096,-0.4647231720437691,0.6553913792963778,0.39028153317938985,0.4492180522680451,0.7714912261159674,0.0,34047.0533333333,1342.67810238147,0.0,0.0,0.0,37984.04333333333,560.4012720406092,0.9372044707342121
2017-09-04,2002065.0,0.0,0.0,0.0,0.0,14936.6081894453,6493.33333333333,6679241,0.0,na,20000.0,36,9,-0.9350162426854147,-0.3546048870425359,0.6118669219370168,0.35606380873808047,0.4816390396377778,0.7538118783292573,117889.12,0.0,898.926985780967,1342.67810238147,7000.0,0.0,37984.04333333333,560.4012720406092,0.0
2017-09-11,2027418.33333333,48869.2666666667,150164.8,4610.35555555556,2703620.81107497,15666.469342832,5586.66666666667,5890204,621.76681993082,na,2265.0,37,9,-0.970941817426052,-0.23931566428755774,0.6406519245761992,0.36053722908003166,0.4889365349737799,0.7937169448613877,0.0,117889.12,0.0,898.926985780967,6493.33333333333,7000.0,41689.59666666668,715.8429770233142,0.2381050056892383
2017-09-18,1886570.0,0.0,0.0,0.0,0.0,18388.7564755976,6440.0,6289814,0.0,na,15924.0,38,9,-0.992708874098054,-0.12053668025532357,0.5964122303830282,0.3275264630044826,0.5011696095301569,0.7772607034857797,48869.2666666667,0.0,621.76681993082,0.0,5586.66666666667,6493.33333333333,41689.59666666668,380.17345142794676,0.0
2017-09-25,2529721.66666667,83663.84,144563.733333333,0.0,10559520.827648,24332.8536359244,7640.0,7410667,2529.00072715986,na,24336.0,39,9,-1.0,-1.8369701987210297e-16,0.6691468932689921,0.4263273627364108,0.5179770243591724,0.8032406637306511,0.0,48869.2666666667,0.0,621.76681993082,6440.0,5586.66666666667,33133.27666666668,787.69188677267,0.350943969432925
2017-10-02,2357930.0,111304.453333333,58363.2,0.0,0.0,23226.6112532117,7346.66666666667,7799073,0.0,na,29510.0,40,10,-0.992708874098054,0.1205366802553232,0.7228440178829008,0.3909758493906278,0.5248248896576306,0.801682344741167,83663.84,0.0,2529.00072715986,0.0,7640.0,6440.0,60959.38999999993,787.69188677267,0.6287878479737267
2017-10-09,3003391.66666667,44637.7866666667,327236.266666667,18504.9333333333,19360866.7614647,18431.1192651512,8013.33333333333,8147766,5348.57241436617,na,15458.0,41,10,-0.9709418174260521,0.23931566428755738,0.7158831195477654,0.5192908152923849,0.5335610308420363,0.8400003906502856,111304.453333333,83663.84,0.0,2529.00072715986,7346.66666666667,7640.0,59901.51999999993,1969.3932853815077,0.11587128775088507
2017-10-16,2283685.0,0.0,0.0,0.0,14937395.7677684,24254.9436575539,7586.66666666667,7617066,4190.37406173623,na,43966.0,42,10,-0.9350162426854148,0.35460488704253557,0.6762244483993057,0.5577032017061193,0.5355515973732392,0.8264289845765955,44637.7866666667,111304.453333333,5348.57241436617,0.0,8013.33333333333,7346.66666666667,59901.51999999993,3016.9868008155654,0.0
2017-10-23,2584721.66666667,44360.5066666667,46091.2,0.0,21426849.002827,23115.8437246922,7920.0,7756047,4731.87970491727,na,35016.0,43,10,-0.8854560256532101,0.464723172043768,0.6795728604415671,0.5872489823191387,0.5390079686849437,0.8196076543379799,0.0,44637.7866666667,4190.37406173623,5348.57241436617,7586.66666666667,8013.33333333333,50075.68666666661,3567.7065452549177,0.4302518295221234
2017-10-30,2565400.0,4645.22666666667,0.0,0.0,22344988.1413883,24376.7103916034,8466.66666666667,8307903,5273.3853480983,na,4749.0,44,10,-0.822983865893657,0.5680647467311548,0.6428930402535195,0.6110439415289688,0.5446223806230893,0.8047086529804658,44360.5066666667,0.0,4731.87970491727,4190.37406173623,7920.0,7586.66666666667,23410.880000000026,4886.052882279492,0.25266011721420906
2017-11-06,3407085.0,21149.0133333333,318524.266666667,23039.9111111111,13314676.7886875,26330.239038604,9826.66666666667,9283504,3552.81495682237,na,25943.0,45,11,-0.7485107481711011,0.6631226582407952,0.6289629375346112,0.6122745133081092,0.5561525436894694,0.8402759421205929,4645.22666666667,44360.5066666667,5273.3853480983,4731.87970491727,8466.66666666667,7920.0,17538.686666666676,4437.113517893542,0.0599032655518142
2017-11-13,2803291.66666667,0.0,0.0,0.0,31890945.1695597,0.0,0.0,9355428,7600.1018467675,na,19401.6538461538,46,11,-0.6631226582407955,0.7485107481711007,0.5842181365904827,0.6443283125942821,0.48974935909615186,0.8267230873711546,21149.0133333333,4645.22666666667,3552.81495682237,5273.3853480983,9826.66666666667,8466.66666666667,17538.686666666676,5289.54546415136,0.0
2017-11-20,3303155.0,55227.3333333333,105305.066666667,1346.08888888889,12195879.3518245,0.0,0.0,9662004,3279.96415525302,na,19401.6538461538,47,11,-0.5680647467311559,0.8229838658936564,0.6324258872091872,0.6365762617291146,0.4237059585600148,0.8282043374355634,0.0,21149.0133333333,7600.1018467675,3552.81495682237,0.0,9826.66666666667,20255.393333333326,4926.5665767352975,0.3371377589117217
2017-11-27,3103743.33333333,0.0,0.0,9601.77777777777,11842611.303909,36905.9678991637,15013.3333333333,9984742,2463.79324133178,na,41469.0,48,11,-0.4647231720437684,0.88545602565321,0.5878250262918168,0.623812430947222,0.5437347977357994,0.8138540984997312,55227.3333333333,0.0,3279.96415525302,7600.1018467675,0.0,0.0,19094.086666666655,4224.168550043667,0.0
2017-12-04,2793875.0,28923.5466666667,87842.1333333333,0.0,7493271.20796543,30409.8062367799,12733.3333333333,8430013,1656.46786461852,na,16136.0,49,12,-0.35460488704253595,0.9350162426854147,0.5974054579439664,0.605545546462514,0.5717511953669061,0.8157080317224692,0.0,55227.3333333333,2463.79324133178,3279.96415525302,15013.3333333333,0.0,21037.72000000001,3750.0817769927053,0.2205286916145916
2017-12-11,2260396.66666667,0.0,0.0,0.0,10472084.5748901,27236.329063323,11120.0,7544173,3030.36123993544,na,37784.0,50,12,-0.2393156642875578,0.970941817426052,0.5515683242362407,0.6031917281903024,0.5781250821467588,0.800565323104556,28923.5466666667,0.0,1656.46786461852,2463.79324133178,12733.3333333333,15013.3333333333,21037.72000000001,2607.6466252846903,0.0
2017-12-18,2399176.66666667,63749.0533333333,91841.6,0.0,4846725.42831303,32468.9839755883,11666.6666666667,7267249,1011.87769166753,na,43251.0,51,12,-0.12053668025532363,0.992708874098054,0.6271232742989072,0.5799554812172646,0.5843350326134029,0.8065658796311796,0.0,28923.5466666667,3030.36123993544,1656.46786461852,11120.0,12733.3333333333,23168.15000000001,2040.6250093883175,0.37885159142521835
2017-12-25,3827520.0,90415.72,0.0,15034.4444444444,23016416.0721514,30009.8933476373,10080.0,6834014,7226.54800621497,na,57523.0,52,12,6.432490598706546e-16,1.0,0.6888886962544349,0.6234040175076246,0.5805118540576428,0.7908645803685518,63749.0533333333,0.0,1011.87769166753,3030.36123993544,11666.6666666667,11120.0,45772.08000000001,3231.3137006091147,0.8393410357344377
2018-01-01,3109461.66666667,0.0,0.0,5291.68888888889,14403508.9745594,33305.9585773386,10653.3333333333,6891431,4281.21092460283,na,77617.0,1,1,0.12053668025532305,0.992708874098054,0.6473183212550652,0.6276514069375533,0.580943850011766,0.7742455121161242,90415.72,63749.0533333333,7226.54800621497,1011.87769166753,10080.0,11666.6666666667,38541.193333333336,3887.499465605192,0.0
2018-01-08,2228128.33333333,0.0,3947.2,0.0,22268248.093474,33849.8109116647,10840.0,7355344,5472.97695689383,na,74527.0,2,1,0.23931566428755774,0.970941817426052,0.6033912583867288,0.6395200278335483,0.5820880305666825,0.7584987653976508,0.0,90415.72,4281.21092460283,7226.54800621497,10653.3333333333,10080.0,38541.193333333336,4498.1533948447905,0.0
2018-01-15,2202593.33333333,39089.24,0.0,15480.6666666667,0.0,31966.3239607471,10080.0,6360391,0.0,na,10394.0,3,1,0.3546048870425356,0.9350162426854148,0.6229816066023575,0.6051381482162119,0.5791314699852402,0.7401527771506031,0.0,0.0,5472.97695689383,4281.21092460283,10840.0,10653.3333333333,32376.240000000005,4245.183971927908,0.7949937806644807
2018-01-22,1918293.33333333,0.0,56811.2,19347.4222222223,0.0,22464.5871201724,9226.66666666667,5937052,0.0,na,9740.0,4,1,0.4647231720437685,0.8854560256532099,0.5779994555131732,0.5696835322149796,0.5730442274376749,0.754945984567022,39089.24,0.0,0.0,5472.97695689383,10080.0,10840.0,9772.310000000007,2438.5469703741655,0.0
2018-01-29,1862458.33333333,25169.2,0.0,0.0,0.0,25438.5119843879,8960.0,5721235,0.0,na,13533.0,5,1,0.5680647467311558,0.8229838658936564,0.5840139578625956,0.5334995808064326,0.5678386206313053,0.7364238909376624,0.0,39089.24,0.0,0.0,9226.66666666667,10080.0,16064.610000000008,1368.2442392234575,0.7374682090409171
2018-02-05,1975951.66666667,0.0,0.0,4746.8,2966401.34773465,32276.283774587,10613.3333333333,6467565,472.98034791961,na,56102.0,6,2,0.6631226582407952,0.7485107481711011,0.5378316759888595,0.5067516546159955,0.5733731769995943,0.7170265733535041,25169.2,0.0,0.0,0.0,8960.0,9226.66666666667,16064.610000000008,118.2450869799025,0.0
2018-02-12,1827318.33333333,9165.21333333333,54185.6,0.0,0.0,0.0,0.0,5749120,0.0,na,19401.6538461538,7,2,0.7485107481711011,0.6631226582407953,0.5176014662775196,0.4701972539236346,0.5072637650308647,0.7393825404112983,0.0,25169.2,472.98034791961,0.0,10613.3333333333,8960.0,8583.60333333334,118.2450869799025,0.14467396472257635
2018-02-19,1656268.33333333,0.0,0.0,6311.42222222223,0.0,0.0,0.0,5389739,0.0,na,19401.6538461538,8,2,0.8229838658936564,0.5680647467311559,0.47072807925133814,0.4339598021708037,0.44089935199783276,0.7201202073614558,9165.21333333333,0.0,0.0,472.98034791961,0.0,10613.3333333333,8583.60333333334,118.2450869799025,0.0
2018-02-26,1703790.0,12356.1066666667,56171.2,10002.8,0.0,25169.620752354,7413.33333333333,5114017,0.0,na,19325.0,9,2,0.8854560256532099,0.4647231720437686,0.47344359820587917,0.39841494017942064,0.4875276202065509,0.7423437535046263,0.0,9165.21333333333,0.0,0.0,0.0,0.0,5380.3300000000145,118.2450869799025,0.16270743394665269
2018-03-05,1488115.0,0.0,0.0,0.0,0.0,22794.6813986792,7360.0,4961257,0.0,na,18078.0,10,3,0.9350162426854148,0.35460488704253557,0.4270292001541277,0.36390973179677927,0.5086190546943665,0.7232183547778865,12356.1066666667,0.0,0.0,0.0,7413.33333333333,0.0,5380.3300000000145,0.0,0.0
2018-03-12,1727330.0,53120.2533333333,90604.2666666667,20486.8,0.0,18269.5785913151,7080.0,4823884,0.0,na,8711.0,11,3,0.970941817426052,0.23931566428755804,0.559798752589714,0.33074989331028604,0.5174887841694712,0.7609436684566091,0.0,12356.1066666667,0.0,0.0,7360.0,7413.33333333333,16369.090000000007,0.0,0.3522457638095525
2018-03-19,1208246.66666667,0.0,0.0,0.0,0.0,17809.8977351639,5960.0,4036244,0.0,na,12979.0,12,3,0.992708874098054,0.120536680255323,0.5131691158271413,0.2991903984158636,0.5135058400490689,0.7427204117543303,53120.2533333333,0.0,0.0,0.0,7080.0,7360.0,16369.090000000007,0.0,0.0
2018-03-26,1388960.0,19743.84,81915.2,2989.15555555556,0.0,14740.790069662,6333.33333333333,4191403,0.0,na,23910.0,13,3,1.0,-1.6081226496766366e-16,0.5261205947351736,0.26942992619354117,0.5141968063655841,0.767219239471314,0.0,53120.2533333333,0.0,0.0,5960.0,7080.0,18216.02333333333,0.0,0.18282624402611966
2018-04-02,2408331.66666667,0.0,0.0,0.0,0.0,18466.6799358092,5520.0,3583995,0.0,na,10567.0,14,4,0.992708874098054,-0.12053668025532288,0.479242159835433,0.24160915253749524,0.5077141510260215,0.7493167709667626,19743.84,0.0,0.0,0.0,6333.33333333333,5960.0,18216.02333333333,0.0,0.0
2018-04-09,1131721.66666667,0.0,11257.6,0.0,0.0,18498.1205239543,5973.33333333333,3771321,0.0,na,41329.0,15,4,0.9709418174260521,-0.2393156642875575,0.43272646368732126,0.2158124858154054,0.5076944090307205,0.737723258891878,0.0,19743.84,0.0,0.0,5520.0,6333.33333333333,4935.960000000007,0.0,0.0
2018-04-16,950015.0,0.0,0.0,0.0,7003770.76001093,16808.5217532585,4973.33333333333,3167512,2113.26047838464,na,21616.0,16,4,0.9350162426854148,-0.35460488704253545,0.3873672351088051,0.370739880198762,0.49866280902102716,0.718384997964834,0.0,0.0,0.0,0.0,5973.33333333333,5520.0,4935.960000000007,528.31511959616,0.0
2018-04-23,801298.333333333,0.0,158353.6,0.0,0.0,12274.6903112624,3693.33333333333,2604407,0.0,na,2529.0,17,4,0.8854560256532099,-0.4647231720437685,0.34388039165418044,0.3372876840540255,0.479819940229795,0.783371576418222,0.0,0.0,2113.26047838464,0.0,4973.33333333333,5973.33333333333,0.0,528.31511959616,0.0
2018-04-30,779838.333333334,0.0,0.0,0.0,48661981.684228,9551.54238995163,3173.33333333333,2549137,12800.5972991227,na,6836.0,18,4,0.8229838658936565,-0.5680647467311557,0.3028620476084684,0.6055231517361166,0.46081161195135667,0.7663329983415779,0.0,0.0,0.0,2113.26047838464,3693.33333333333,4973.33333333333,0.0,3728.464444376835,0.0
2018-05-07,889546.666666667,0.0,59674.1333333333,0.0,0.0,15194.0923128355,4720.0,2937422,0.0,na,330.0,19,5,0.7485107481711013,-0.663122658240795,0.2647620679910294,0.5700785452550009,0.4677096724039585,0.7737812825752388,0.0,0.0,12800.5972991227,0.0,3173.33333333333,3693.33333333333,0.0,3728.464444376835,0.0
2018-05-14,862850.0,0.0,0.0,6803.64444444444,48377013.2836087,0.0,0.0,2752045,13040.4474426468,na,19401.6538461538,20,5,0.6631226582407952,-0.7485107481711012,0.2298746214400441,0.6590366898926022,0.40229508615608006,0.7562231277686168,0.0,0.0,0.0,12800.5972991227,4720.0,3173.33333333333,0.0,6460.261185442376,0.0
2018-05-21,2601601.66666667,947.106666666667,26288.5333333333,0.0,0.0,0.0,0.0,3080867,0.0,event1,19401.6538461538,21,5,0.5680647467311558,-0.8229838658936564,0.2117873603405033,0.6254259929569386,0.3401824420837316,0.7521235200362453,0.0,0.0,13040.4474426468,0.0,0.0,4720.0,236.77666666667403,6460.261185442376,0.034774533172954016
2018-05-28,905008.333333334,0.0,0.0,4205.42222222223,4956890.74600197,12663.5104559052,4640.0,2957153,1009.04258358804,na,28568.0,22,5,0.46472317204376906,-0.8854560256532096,0.18215098002508565,0.6008355384155114,0.4109606446327619,0.7334634118561248,947.106666666667,0.0,0.0,13040.4474426468,0.0,0.0,236.77666666667403,3512.37250655871,0.0
2018-06-04,910551.666666667,0.0,0.0,0.0,0.0,16079.2886873397,4720.0,3035519,0.0,na,26708.0,23,6,0.35460488704253584,-0.9350162426854147,0.15584179829511557,0.5652721294469253,0.4417258466031615,0.7139328567841985,0.0,947.106666666667,1009.04258358804,0.0,4640.0,0.0,236.77666666667403,3512.37250655871,0.0
2018-06-11,923853.333333333,8314.68,0.0,5424.66666666667,0.0,10628.7399063469,4533.33333333333,2885659,0.0,na,7675.0,24,6,0.23931566428755768,-0.970941817426052,0.2560999821382953,0.5290239061659542,0.4548189898758654,0.6935690910548693,0.0,0.0,0.0,1009.04258358804,4720.0,4640.0,2315.446666666674,252.26064589701,0.6471568626433053
2018-06-18,982420.0,0.0,17462.9333333333,0.0,0.0,16028.6312039942,5413.33333333333,3263336,0.0,na,23355.0,25,6,0.12053668025532308,-0.992708874098054,0.22200927975397147,0.49246696035475906,0.4725048354675179,0.6942099383307729,8314.68,0.0,0.0,0.0,4533.33333333333,4720.0,2078.6700000000073,252.26064589701,0.0
2018-06-25,1056811.66666667,0.0,0.0,10384.1333333333,13068806.1919231,13249.2323365062,5160.0,3369140,3756.94273854507,na,16989.0,26,6,-3.216245299353273e-16,-1.0,0.1912896399731474,0.5358800761925252,0.47931549802954965,0.673085084344935,0.0,8314.68,0.0,0.0,5413.33333333333,4533.33333333333,2078.6700000000073,939.2356846362675,0.0
2018-07-02,932326.666666667,14621.9466666667,168101.333333333,0.0,0.0,10623.452379865,3933.33333333333,2839892,0.0,na,14653.0,27,7,-0.12053668025532283,-0.992708874098054,0.3272945623105103,0.49935167485804327,0.4696355720629834,0.7755332010521532,0.0,0.0,3756.94273854507,0.0,5160.0,5413.33333333333,5734.156666666682,939.2356846362675,0.07833607610009842
2018-07-09,1126221.66666667,0.0,0.0,11487.9111111111,34236690.5818597,14455.8407581877,5186.66666666667,3555964,8079.80213381583,na,15143.0,28,7,-0.23931566428755743,-0.9709418174260521,0.28738804011992464,0.5945340031185834,0.47798958711532574,0.7580685082311942,14621.9466666667,0.0,0.0,3756.94273854507,3933.33333333333,5160.0,3655.486666666682,2959.186218090225,0.0
2018-07-16,1140006.66666667,8855.78666666667,59517.8666666667,0.0,0.0,15286.7098639836,5146.66666666667,3590008,0.0,na,9013.0,29,7,-0.3546048870425356,-0.9350162426854148,0.33065443186737625,0.5588214074547143,0.48230968664204615,0.767970135621407,0.0,14621.9466666667,8079.80213381583,0.0,5186.66666666667,3933.33333333333,5869.43333333335,2959.186218090225,0.120453592512472
2018-07-23,1479303.33333333,9728.89333333333,0.0,5172.66666666667,0.0,15790.12289724,6920.0,4606123,0.0,na,22477.0,30,7,-0.46472317204376806,-0.8854560256532101,0.3636742920445649,0.5224896766616764,0.502057001029711,0.7501066066199255,8855.78666666667,0.0,0.0,8079.80213381583,5146.66666666667,5186.66666666667,8301.656666666682,2019.9505334539574,0.5843567580467459
2018-07-30,1647193.33333333,0.0,0.0,0.0,0.0,25944.3325242028,7746.66666666667,5494567,0.0,na,8906.0,31,7,-0.5680647467311556,-0.8229838658936566,0.32145165210455573,0.4859184054122611,0.519292780210419,0.7313488987077653,9728.89333333333,8855.78666666667,0.0,0.0,6920.0,5146.66666666667,4646.170000000007,2019.9505334539574,0.0
2018-08-06,2009478.33333333,13041.4933333333,92574.4,7200.13333333333,0.0,25628.492183603,8773.33333333333,6045317,0.0,na,59318.0,32,8,-0.663122658240795,-0.7485107481711013,0.3781334989353396,0.44949730291530876,0.5359193484752031,0.7655822356511229,0.0,9728.89333333333,0.0,0.0,7746.66666666667,6920.0,7906.543333333332,0.0,0.11400980418668671
2018-08-13,1523443.33333333,0.0,0.0,0.0,18207358.6991848,0.0,0.0,5035305,4450.75038775587,na,19401.6538461538,33,8,-0.7485107481711011,-0.6631226582407952,0.3351162263133122,0.5257447802143653,0.46937720947261424,0.7475952885213689,13041.4933333333,0.0,0.0,0.0,8773.33333333333,7746.66666666667,5692.5966666666645,1112.6875969389675,0.0
2018-08-20,1420118.33333333,61563.12,106432.0,0.0,0.0,0.0,0.0,4208615,0.0,na,19401.6538461538,34,8,-0.8229838658936564,-0.5680647467311559,0.5516017566488153,0.4891790765754184,0.40390637148950354,0.7784659121808236,0.0,13041.4933333333,4450.75038775587,0.0,0.0,8773.33333333333,18651.153333333332,1112.6875969389675,0.36645778758335146
2018-08-27,1673551.66666667,0.0,0.0,0.0,14621474.4848198,27411.1748394789,8586.66666666667,5541654,4508.4731882541,na,48020.0,35,8,-0.8854560256532096,-0.4647231720437691,0.5048718108167711,0.5458327222853571,0.48583961521517466,0.7611591269906499,61563.12,0.0,0.0,4450.75038775587,0.0,0.0,18651.153333333335,2239.8058940024926,0.0
2018-09-03,2061091.66666667,11661.4133333333,68213.3333333333,772.444444444444,0.0,31195.6951985757,9733.33333333333,6397383,0.0,na,70855.0,36,9,-0.9350162426854147,-0.3546048870425359,0.49749456521556434,0.5093704656717898,0.5269078860371518,0.7732520876931266,0.0,61563.12,4508.4731882541,0.0,8586.66666666667,0.0,18306.13333333333,2239.8058940024926,0.13013796672502276
2018-09-10,2144110.0,0.0,0.0,536.0,0.0,30301.0171558242,10506.6666666667,7137648,0.0,na,46225.0,37,9,-0.970941817426052,-0.23931566428755774,0.45074067369051635,0.47280823670175504,0.5511065050167845,0.7556658287441591,11661.4133333333,0.0,0.0,4508.4731882541,9733.33333333333,8586.66666666667,18306.13333333333,1127.118297063525,0.0
2018-09-17,2058653.33333333,0.0,46120.5333333333,9685.06666666667,13801981.7807277,31338.5629591066,9360.0,6541298,3402.89444157937,na,74995.0,38,9,-0.992708874098054,-0.12053668025532357,0.40484075480630444,0.5187359547151061,0.5570103433864728,0.7608095046294268,0.0,11661.4133333333,0.0,0.0,10506.6666666667,9733.33333333333,2915.353333333334,1977.8419074583676,0.0
2018-09-24,2208345.0,887.933333333333,29320.0,0.0,0.0,32265.167943233,10893.3333333333,7283453,0.0,na,1047.0,39,9,-1.0,-1.8369701987210297e-16,0.36612551519930664,0.4821621239207101,0.5688232971856877,0.7574332411085669,0.0,0.0,3402.89444157937,0.0,9360.0,10506.6666666667,3137.336666666667,850.7236103948425,0.021603551553155187
2018-10-01,2603008.33333333,156703.44,26227.2,2698.44444444444,3798040.60699257,35375.6649126843,12346.6666666667,7884994,916.844868843293,na,34469.0,40,10,-0.992708874098054,0.1205366802553232,0.6828734451921226,0.47136745699254445,0.5824205233719735,0.7531235964391424,887.933333333333,0.0,0.0,3402.89444157937,10893.3333333333,9360.0,39397.843333333345,1079.9348276056658,0.7987161634205838
2018-10-08,2313193.33333333,0.0,0.0,2589.82222222223,6774055.54593603,36422.3840879897,11493.3333333333,7610669,2015.84616477365,na,22232.0,41,10,-0.9709418174260521,0.23931566428755738,0.6409182723054011,0.4896583711673367,0.5859925774510526,0.7345121992348975,156703.44,887.933333333333,916.844868843293,0.0,12346.6666666667,10893.3333333333,39397.843333333345,1583.8963687990781,0.0
2018-10-15,2813106.66666667,44489.52,63107.2,1039.11111111111,11921024.3416382,30446.7250425369,12760.0,8364119,2442.58663289726,na,49409.0,42,10,-0.9350162426854148,0.35460488704253557,0.6546073134487601,0.5108784421698321,0.5936284388350505,0.7544383309971479,0.0,156703.44,2015.84616477365,916.844868843293,11493.3333333333,12346.6666666667,50520.22333333334,1343.8194166285507,0.36229455377137393
2018-10-22,2665110.0,0.0,0.0,0.0,0.0,32520.1884579534,13493.3333333333,8898789,0.0,na,49575.0,43,10,-0.8854560256532101,0.464723172043768,0.611042598418151,0.4743126134029014,0.6009332762581179,0.7358912904237179,44489.52,0.0,2442.58663289726,2015.84616477365,12760.0,11493.3333333333,50298.24000000001,1343.8194166285507,0.0
2018-10-29,2947875.0,25289.9733333333,0.0,2128.13333333333,30516389.5964373,40913.5492475043,13800.0,8887808,7931.80949206687,na,42276.0,44,10,-0.822983865893657,0.5680647467311548,0.6089880715831651,0.5839202771269709,0.6062548096720239,0.7164698679202803,0.0,44489.52,0.0,2442.58663289726,13493.3333333333,12760.0,17444.873333333337,3097.560572434445,0.5378352715216842
2018-11-05,2768941.66666667,0.0,145392.0,1455.51111111111,0.0,39521.572610573,14053.3333333333,8982377,0.0,na,25332.0,45,11,-0.7485107481711011,0.6631226582407952,0.5635061389723334,0.5479835893211038,0.6102512479926931,0.7787548858931529,25289.9733333333,0.0,7931.80949206687,0.0,13800.0,13493.3333333333,17444.873333333337,2593.599031241032,0.0
2018-11-12,2666240.0,57350.92,0.0,0.0,39020754.6023527,0.0,0.0,7958631,8728.47486240127,na,19401.6538461538,46,11,-0.6631226582407955,0.7485107481711007,0.6244020210465759,0.6202195631281162,0.545324848859915,0.761463758540164,0.0,25289.9733333333,0.0,7931.80949206687,14053.3333333333,13800.0,20660.22333333334,4165.071088617035,0.8679092797296698
2018-11-19,2559550.0,0.0,47053.3333333333,0.0,0.0,0.0,0.0,8467716,0.0,na,19401.6538461538,47,11,-0.5680647467311559,0.8229838658936564,0.5794749443062236,0.5851908593927605,0.4788197999703393,0.7655083192485884,57350.92,0.0,8728.47486240127,0.0,0.0,14053.3333333333,20660.22333333334,4165.071088617035,0.0
2018-11-26,2653766.66666667,53525.2,0.0,15129.4666666667,21917216.9573501,52188.1282144227,16000.0,7536793,7003.5951068445,na,301.0,48,11,-0.4647231720437684,0.88545602565321,0.6276951457325294,0.6244828554939098,0.5644788654816196,0.7475175709447158,0.0,57350.92,0.0,8728.47486240127,0.0,0.0,27719.030000000013,3933.0174923114428,0.6994125534744263
2018-12-03,2144703.33333333,0.0,53558.9333333333,0.0,0.0,38041.1715080263,13986.6666666667,7097277,0.0,na,34832.0,49,12,-0.35460488704253595,0.9350162426854147,0.5828988455513804,0.5895871698013078,0.5877716455109243,0.7583101807283109,53525.2,0.0,7003.5951068445,0.0,16000.0,0.0,27719.030000000013,3933.0174923114428,0.0
2018-12-10,2451681.66666667,0.0,0.0,6282.66666666667,0.0,50607.6691067817,15773.3333333333,7989344,0.0,na,68792.0,50,12,-0.2393156642875578,0.970941817426052,0.5366909768149791,0.553765891942699,0.6067369645982197,0.7399547779663076,0.0,53525.2,0.0,7003.5951068445,13986.6666666667,16000.0,13381.300000000014,1750.898776711125,0.0
2018-12-17,2469486.66666667,0.0,15363.7333333333,0.0,0.0,38023.9761183813,15546.6666666667,8215719,0.0,na,37199.0,51,12,-0.12053668025532363,0.992708874098054,0.4898442723453745,0.5173773920249451,0.6158925970765097,0.7316950143044109,0.0,0.0,0.0,0.0,15773.3333333333,13986.6666666667,13381.300000000014,1750.898776711125,0.0
2018-12-24,3208150.0,158046.573333333,0.0,7451.95555555556,32200517.8011506,50134.327502801,17146.6666666667,8125604,9068.00740600003,na,80865.0,52,12,6.432490598706546e-16,1.0,0.7005850424039111,0.6108046465359604,0.6262317332978496,0.7120857447165976,0.0,0.0,0.0,0.0,15546.6666666667,15773.3333333333,39511.64333333327,2267.0018515000074,0.8577309421177076
2018-12-31,2746851.66666667,51379.9066666667,0.0,0.0,0.0,34878.1585539847,14493.3333333333,7314043,0.0,na,54011.0,1,12,0.12053668025532305,0.992708874098054,0.7030717219268214,0.5755019109959959,0.6236307103425175,0.6916472820717383,158046.573333333,0.0,9068.00740600003,0.0,17146.6666666667,15546.6666666667,52356.619999999944,2267.0018515000074,0.7799814714847171
2019-01-07,2566165.0,0.0,329.6,903.6,6605940.80092233,40333.8662960333,17026.6666666667,8498273,1475.81477779394,na,96236.0,2,1,0.23931566428755774,0.970941817426052,0.6624679231817572,0.5608604247721495,0.6301256974309192,0.6709107352994941,51379.9066666667,158046.573333333,0.0,9068.00740600003,14493.3333333333,17146.6666666667,52356.619999999944,2635.9555459484923,0.0
2019-01-14,2554828.33333333,11583.9733333333,0.0,735.111111111111,0.0,37302.7862754223,16293.3333333333,8027598,0.0,na,80627.0,3,1,0.3546048870425356,0.9350162426854148,0.6344023026807922,0.5245537467742105,0.6316224037024618,0.6489901472020778,0.0,51379.9066666667,1475.81477779394,0.0,17026.6666666667,14493.3333333333,55252.61333333327,2635.9555459484923,0.4155341644673319
2019-01-21,1959706.66666667,0.0,27275.2,2920.22222222223,10381943.6071373,39059.296134673,13813.3333333333,6399576,2861.5022027215,na,629.0,4,1,0.4647231720437685,0.8854560256532099,0.5898857420618356,0.541616382946389,0.6247853723330973,0.6757397720818855,11583.9733333333,0.0,0.0,1475.81477779394,16293.3333333333,17026.6666666667,15740.970000000014,1084.32924512886,0.0
2019-01-28,2424486.66666667,31676.4,0.0,0.0,0.0,39410.367500875,15200.0,7415825,0.0,na,19984.0,5,1,0.5680647467311558,0.8229838658936564,0.6031886235422353,0.50512252593043,0.6250491936043461,0.6539749471738333,0.0,11583.9733333333,2861.5022027215,0.0,13813.3333333333,16293.3333333333,10815.09333333334,1084.32924512886,0.6757430178085204
2019-02-04,1953060.0,0.0,0.0,4272.04444444444,0.0,47333.0483192967,13920.0,6396016,0.0,na,55736.0,6,2,0.6631226582407952,0.7485107481711011,0.5575222454893793,0.46857400391802184,0.621009234444213,0.6315457991582059,31676.4,0.0,0.0,2861.5022027215,15200.0,13813.3333333333,10815.09333333334,715.375550680375,0.0
2019-02-11,2086935.0,12722.84,0.0,1191.91111111111,8001487.21526073,0.0,0.0,6492811,2110.31196598198,na,19401.6538461538,7,2,0.7485107481711011,0.6631226582407953,0.5430783848054508,0.4899078688637407,0.556572746566396,0.6085330723859115,0.0,31676.4,0.0,0.0,13920.0,15200.0,11099.810000000016,1242.95354217587,0.8577300380375944
2019-02-18,1675816.66666667,0.0,0.0,501.688888888889,0.0,0.0,0.0,5588194,0.0,na,19401.6538461538,8,2,0.8229838658936564,0.5680647467311559,0.4962713470724613,0.4534515000243894,0.49017479867257735,0.5850274526518963,12722.84,0.0,2110.31196598198,0.0,0.0,13920.0,11099.810000000016,527.577991495495,0.0
2019-02-25,1976413.33333333,18120.96,30883.2,645.822222222223,510985.60009893,29510.1313617895,12186.6666666667,6078682,0.0,na,46243.0,9,2,0.8854560256532099,0.4647231720437686,0.509923335400611,0.41748764205475547,0.5456813111498447,0.6504660389529572,0.0,12722.84,0.0,2110.31196598198,0.0,0.0,7710.950000000014,527.577991495495,0.2961385061638819
2019-03-04,1480760.0,0.0,0.0,0.0,0.0,24697.386567737,9946.66666666667,4933396,0.0,na,36979.0,10,3,0.9350162426854148,0.35460488704253557,0.46307779701834,0.38238054841570407,0.5574304550292806,0.6279388443564478,18120.96,0.0,0.0,0.0,12186.6666666667,0.0,7710.950000000014,527.577991495495,0.0
2019-03-11,1425500.0,5490.32,0.0,0.0,0.0,27353.2611552316,9040.0,4597321,0.0,na,23990.0,11,3,0.970941817426052,0.23931566428755804,0.44124750866855783,0.34845964588763256,0.5588114392285504,0.6048417947687418,0.0,18120.96,0.0,0.0,9946.66666666667,12186.6666666667,5902.820000000014,0.0,0.3778526556882176
2019-03-18,1156860.0,0.0,0.0,0.0,27726469.9209919,18417.3058389686,7160.0,3818999,6120.74245089387,na,16046.0,12,3,0.992708874098054,0.120536680255323,0.39561800230727073,0.5214035727293251,0.5483441768022217,0.5812670451824401,5490.32,0.0,0.0,0.0,9040.0,9946.66666666667,5902.820000000014,1530.1856127234676,0.0
2019-03-25,1252230.0,3483.38666666667,5765.33333333333,0.0,0.0,23635.3469101091,7973.33333333333,4083211,0.0,na,28980.0,13,3,1.0,-1.6081226496766366e-16,0.37368131748279065,0.4848311359853342,0.5469297456656581,0.5823913765222823,0.0,5490.32,6120.74245089387,0.0,7160.0,9040.0,2243.4266666666817,1530.1856127234676,0.20226314477405336
2019-04-01,1209373.33333333,0.0,0.0,0.0,11831373.4167825,24629.4621754088,7880.0,4017170,3308.65544901738,na,7453.0,14,4,0.992708874098054,-0.12053668025532288,0.33090102659382603,0.5239111764088495,0.5454784244373377,0.5584550202589118,3483.38666666667,0.0,0.0,6120.74245089387,7973.33333333333,7160.0,2243.4266666666817,2357.3494749778124,0.0
2019-04-08,1183801.66666667,47889.8133333333,2057.06666666667,0.0,0.0,22474.9158679508,7453.33333333333,3588301,0.0,na,37507.0,15,4,0.9709418174260521,-0.2393156642875575,0.5175107569851631,0.48734195373462214,0.5418051132936023,0.5462234051999155,0.0,3483.38666666667,3308.65544901738,0.0,7880.0,7973.33333333333,12843.300000000007,2357.3494749778124,0.8343142046394106
2019-04-15,918593.333333333,0.0,0.0,2996.22222222223,0.0,21748.748582943,6400.0,3026520,0.0,na,43718.0,16,4,0.9350162426854148,-0.35460488704253545,0.4706375702306612,0.4509077392878474,0.5322281733346693,0.5219157601613713,47889.8133333333,0.0,0.0,3308.65544901738,7453.33333333333,7880.0,12843.300000000008,827.163862254345,0.0
2019-04-22,2303595.0,4878.4,0.0,0.0,6453814.57751617,17160.486630913,6266.66666666667,3140648,1596.9305949494,event2,1167.0,17,4,0.8854560256532099,-0.4647231720437685,0.44527585306465534,0.46526704627940924,0.5251337514552421,0.49750387717289646,0.0,47889.8133333333,0.0,0.0,6400.0,7453.33333333333,13192.05333333334,1226.3965109916949,0.38285991590151136
2019-04-29,890675.0,0.0,0.0,12465.9111111111,10562526.3373281,18600.2945169807,5626.66666666667,2828444,2513.12412191477,na,1546.0,18,4,0.8229838658936565,-0.5680647467311557,0.3995276382952993,0.4966416688904418,0.5155670755704314,0.4731038889985012,4878.4,0.0,1596.9305949494,0.0,6266.66666666667,6400.0,13192.05333333334,1027.5136792160424,0.0
2019-05-06,989913.333333334,3695.89333333333,0.0,0.0,0.0,18702.8228417039,7280.0,3221944,0.0,na,34861.0,19,5,0.7485107481711013,-0.663122658240795,0.3782557925926137,0.46013622537712007,0.5229549620113666,0.44883170248255366,0.0,4878.4,2513.12412191477,1596.9305949494,5626.66666666667,6266.66666666667,2143.573333333347,1027.5136792160424,0.3367282480879
2019-05-13,915791.666666667,0.0,0.0,2123.73333333333,21735746.9416065,0.0,0.0,2992910,6455.05839562637,na,19401.6538461538,20,5,0.6631226582407952,-0.7485107481711012,0.33523210739068265,0.5607356994989097,0.45643932780232666,0.42480080748420324,3695.89333333333,0.0,0.0,2513.12412191477,7280.0,5626.66666666667,2143.573333333347,2641.278278122635,0.0
2019-05-20,746205.0,29240.3866666667,5769.06666666667,3789.55555555556,0.0,0.0,0.0,2251073,0.0,na,19401.6538461538,21,5,0.5680647467311558,-0.8229838658936564,0.45987505273054907,0.5244274534112298,0.3914418404641883,0.48226735310342356,0.0,3695.89333333333,6455.05839562637,0.0,0.0,7280.0,8234.070000000022,2242.045629385285,0.8352140317148388
2019-05-27,723785.0,0.0,3667.73333333333,0.0,0.0,13374.6984256237,5213.33333333333,2412562,0.0,na,21000.0,22,5,0.46472317204376906,-0.8854560256532096,0.41374564059691393,0.4878591216603088,0.44013167503171097,0.49618095074532453,29240.3866666667,0.0,0.0,6455.05839562637,0.0,0.0,8234.070000000022,1613.7645989065927,0.0
2019-06-03,903125.0,0.0,0.0,1391.91111111111,0.0,18279.8967874842,6200.0,2989592,0.0,na,19903.0,23,6,0.35460488704253584,-0.9350162426854147,0.3690815337206487,0.45142028873751033,0.47420022666505063,0.4717849280241964,0.0,29240.3866666667,0.0,0.0,5213.33333333333,0.0,7310.09666666669,1613.7645989065927,0.0
2019-06-10,672250.0,0.0,0.0,0.0,1303102.87249779,10167.5638429433,4146.66666666667,2240235,49.528605168199,na,8031.0,24,6,0.23931566428755768,-0.970941817426052,0.3265532807611809,0.41732964869500633,0.46890037431335113,0.4475229352374521,0.0,0.0,0.0,0.0,6200.0,5213.33333333333,7310.09666666669,12.38215129204975,0.0
2019-06-17,739783.333333334,0.0,0.0,0.0,0.0,12051.5514267609,4813.33333333333,2467712,0.0,na,20173.0,25,6,0.12053668025532308,-0.992708874098054,0.28669862165205523,0.38222712313781837,0.4734137085229662,0.42350827027727384,0.0,0.0,49.528605168199,0.0,4146.66666666667,6200.0,0.0,12.38215129204975,0.0
2019-06-24,831833.333333334,6160.48,0.0,0.0,0.0,16141.2873046473,4933.33333333333,2672133,0.0,na,26938.0,26,6,-3.216245299353273e-16,-1.0,0.3090666309450272,0.3483121552675222,0.4773613892920169,0.39984961037943084,0.0,0.0,0.0,49.528605168199,4813.33333333333,4146.66666666667,1540.1200000000144,12.38215129204975,0.5553077030320304
2019-07-01,939896.666666667,0.0,0.0,0.0,0.0,16051.0127298767,6386.66666666667,3132194,0.0,na,8713.0,27,7,-0.12053668025532283,-0.992708874098054,0.2704889631358059,0.3158678155490182,0.49449724849216353,0.37664910653286626,6160.48,0.0,0.0,0.0,4933.33333333333,4813.33333333333,1540.1200000000144,12.38215129204975,0.0
2019-07-08,946510.0,5270.36,0.0,0.0,0.0,15111.7409414301,6133.33333333333,3060018,0.0,na,17384.0,28,7,-0.23931566428755743,-0.9709418174260521,0.29027228859491444,0.2851233626685781,0.5014434457993382,0.35400072755311845,0.0,6160.48,0.0,0.0,6386.66666666667,4933.33333333333,2857.7100000000146,0.0,0.4621625508460597
2019-07-15,1063913.33333333,0.0,66465.0666666667,0.0,0.0,25572.1556008095,7720.0,3505139,0.0,na,4153.0,29,7,-0.3546048870425356,-0.9350162426854148,0.2531809102899891,0.2562505045929516,0.5187606376743212,0.6754101943080077,5270.36,0.0,0.0,0.0,6133.33333333333,6386.66666666667,2857.7100000000146,0.0,0.0
2019-07-22,1278223.33333333,12049.5066666667,0.0,0.0,9985410.35203357,25782.638883063,8520.0,4004072,2860.14135084335,na,25861.0,30,7,-0.46472317204376806,-0.8854560256532101,0.3352035624170285,0.4141824698961977,0.5338616742694655,0.6536345866454869,0.0,5270.36,0.0,0.0,7720.0,6133.33333333333,4329.96666666669,715.0353377108376,0.514284578994146
2019-07-29,1500828.33333333,0.0,38432.5333333333,0.0,0.0,25109.025698974,9520.0,4982078,0.0,na,1820.0,31,7,-0.5680647467311556,-0.8229838658936566,0.29475524358687544,0.3791723966283971,0.5485178552861576,0.6920914936035242,12049.5066666667,0.0,2860.14135084335,0.0,8520.0,7720.0,4329.96666666669,715.0353377108376,0.0
2019-08-05,1843118.33333333,13009.9733333333,0.0,0.0,59432757.6381927,34772.6446345877,10813.3333333333,5672763,15400.3914080076,na,40473.0,32,8,-0.663122658240795,-0.7485107481711013,0.36322042560680556,0.6323191521609913,0.5638656768912065,0.6708896720026982,0.0,12049.5066666667,0.0,2860.14135084335,9520.0,8520.0,6264.870000000015,4565.1331897127375,0.33168655613666365
2019-08-12,1443773.33333333,0.0,33946.6666666667,0.0,0.0,0.0,0.0,4783227,0.0,na,19401.6538461538,33,8,-0.7485107481711011,-0.6631226582407952,0.3210238957254982,0.5976825314506674,0.4975739681295955,0.6965342109203694,13009.9733333333,0.0,15400.3914080076,0.0,10813.3333333333,9520.0,6264.870000000015,4565.1331897127375,0.0
2019-08-19,1397435.0,0.0,0.0,3220.26666666667,32772018.1982201,0.0,0.0,4520254,9744.91781105713,na,19401.6538461538,34,8,-0.8229838658936564,-0.5680647467311559,0.281561933126978,0.6505447766230874,0.4313674431112812,0.6754948678743411,0.0,13009.9733333333,0.0,15400.3914080076,0.0,10813.3333333333,3252.4933333333397,6286.327304766182,0.0
2019-08-26,1930413.33333333,0.0,38522.1333333333,0.0,0.0,37858.4673788283,12986.6666666667,6397749,0.0,na,48083.0,35,8,-0.8854560256532096,-0.4647231720437691,0.2451990455529606,0.6165839913624689,0.5318104144893894,0.7037936035826569,0.0,0.0,9744.91781105713,0.0,0.0,0.0,3252.4933333333397,6286.327304766182,0.0
2019-09-02,2106968.33333333,226.413333333333,0.0,13731.1555555556,13581799.2530786,39232.5917333713,12800.0,6637702,4037.9586513833,na,34061.0,36,9,-0.9350162426854147,-0.3546048870425359,0.21521495479063416,0.6206163631092869,0.5666161328532248,0.683028521398712,0.0,0.0,0.0,9744.91781105713,12986.6666666667,0.0,56.6033333333478,3445.7191156101076,0.01326819021151803
2019-09-09,2233758.33333333,49267.8,4244.8,0.0,0.0,45976.5561046157,13760.0,6774864,0.0,na,31325.0,37,9,-0.970941817426052,-0.23931566428755774,0.49585061343154707,0.5855998045523227,0.5878041425110193,0.6681502020712226,226.413333333333,0.0,4037.9586513833,0.0,12800.0,12986.6666666667,12373.553333333348,3445.7191156101076,0.7323605747362115
2019-09-16,2575148.33333333,0.0,11461.8666666667,14604.3111111111,6328270.5669119,51907.6621149743,16093.3333333333,8116568,1330.88405277083,na,70417.0,38,9,-0.992708874098054,-0.12053668025532357,0.4491131374907461,0.5678185503079677,0.6079655214793758,0.6659714913598707,49267.8,226.413333333333,0.0,4037.9586513833,13760.0,12800.0,12373.553333333348,1342.2106760385325,0.0
2019-09-23,2510951.66666667,27816.9466666667,0.0,0.0,0.0,48537.5137808267,15426.6666666667,7702931,0.0,na,50905.0,39,9,-1.0,-1.8369701987210297e-16,0.5082249297691067,0.5316067160843587,0.6161498451772776,0.6438965275538734,0.0,49267.8,1330.88405277083,0.0,16093.3333333333,13760.0,19327.790000000023,1342.2106760385325,0.6432613864212862
2019-09-30,2275620.0,0.0,31455.4666666667,19608.9333333333,0.0,43225.8519776553,14680.0,7060116,0.0,na,79428.0,40,9,-0.992708874098054,0.1205366802553232,0.46138852501086314,0.49505889658318564,0.6182238149973052,0.6785485835029843,27816.9466666667,0.0,0.0,1330.88405277083,15426.6666666667,16093.3333333333,19271.18666666669,332.7210131927075,0.0
2019-10-07,2505161.66666667,19263.9466666667,0.0,0.0,47150915.7005637,42510.0755134987,15346.6666666667,7603752,13859.7936776171,na,58284.0,41,10,-0.9709418174260521,0.23931566428755738,0.48985325720025613,0.6417034864466393,0.6216808703532347,0.6568765586350107,0.0,27816.9466666667,0.0,0.0,14680.0,15426.6666666667,11770.223333333364,3797.6694325969825,0.3974372788393167
2019-10-14,2456240.0,0.0,32230.9333333333,20496.4888888889,0.0,50946.7744707207,14946.6666666667,7612762,0.0,na,28157.0,42,10,-0.9350162426854148,0.35460488704253557,0.44318414051641275,0.607402014808955,0.6223792724633475,0.686605977463872,19263.9466666667,0.0,13859.7936776171,0.0,15346.6666666667,14680.0,11770.223333333364,3464.948419404275,0.0
2019-10-21,2182825.0,20655.68,0.0,0.0,18960654.0784026,34560.0159402123,13826.6666666667,6701667,4454.15251745123,na,10644.0,43,10,-0.8854560256532101,0.464723172043768,0.48293861400210764,0.6174266445096106,0.6190459993804677,0.6652091537678386,0.0,19263.9466666667,0.0,13859.7936776171,14946.6666666667,15346.6666666667,9979.90666666669,4578.486548767082,0.5304965888773292
2019-10-28,2377706.66666667,2931.0,7516.8,2330.13333333333,0.0,46129.2347125477,15293.3333333333,7688920,0.0,na,9597.0,44,10,-0.822983865893657,0.5680647467311548,0.44847085697917377,0.5823138204544436,0.621980126933484,0.6570594049580661,20655.68,0.0,4454.15251745123,0.0,13826.6666666667,14946.6666666667,10712.65666666669,4578.486548767082,0.11386445041269447
2019-11-04,2732825.0,2993.73333333333,0.0,3206.84444444444,0.0,50569.3301540683,17880.0,8815710,0.0,na,90189.0,45,11,-0.7485107481711011,0.6631226582407952,0.41736172213124917,0.5463461791634583,0.6318129266469934,0.6347185161254574,2931.0,20655.68,0.0,4454.15251745123,15293.3333333333,13826.6666666667,6645.103333333347,1113.5381293628075,0.14342107784583433
2019-11-11,2767788.33333333,0.0,0.0,0.0,42660373.2550797,0.0,0.0,9067759,12206.3586456633,na,19401.6538461538,46,11,-0.6631226582407955,0.7485107481711007,0.3725553234412268,0.6454284042129734,0.5679353099744326,0.6117821382953167,2993.73333333333,2931.0,0.0,0.0,17880.0,15293.3333333333,6645.103333333347,4165.1277907786325,0.0
